codigo_comunidad_autonoma,comunidad_autonoma,codigo_provincia,provincia,codigo_carburante,tipo_carburante
01,Andalucia,04,ALMERÍA,G95E5,Gasolina 95 E5
01,Andalucia,04,ALMERÍA,G95E10,Gasolina 95 E10
01,Andalucia,04,ALMERÍA,G95E25,Gasolina 95 E25
01,Andalucia,04,ALMERÍA,G95E85,Gasolina 95 E85
01,Andalucia,04,ALMERÍA,G95E5+,Gasolina 95 E5 Premium
01,Andalucia,04,ALMERÍA,G98E5,Gasolina 98 E5
01,Andalucia,04,ALMERÍA,G98E10,Gasolina 98 E10
01,Andalucia,04,ALMERÍA,GOA,Gasóleo A habitual
01,Andalucia,04,ALMERÍA,GOA+,Gasóleo Premium
01,Andalucia,04,ALMERÍA,GOB,Gasóleo B
01,Andalucia,04,ALMERÍA,GOC,Gasóleo C
01,Andalucia,04,ALMERÍA,BIE,Bioetanol
01,Andalucia,04,ALMERÍA,BIO,Biodiésel
01,Andalucia,04,ALMERÍA,GLP,Gases licuados del petróleo
01,Andalucia,04,ALMERÍA,GNC,Gas natural comprimido
01,Andalucia,04,ALMERÍA,GNL,Gas natural licuado
01,Andalucia,04,ALMERÍA,H2,Hidrógeno
01,Andalucia,04,ALMERÍA,ADB,Adblue
01,Andalucia,04,ALMERÍA,DREN,Diésel renovable
01,Andalucia,04,ALMERÍA,GREN,Gasolina renovable
01,Andalucia,04,ALMERÍA,MET,Metanol
01,Andalucia,04,ALMERÍA,AMO,Amoniaco
01,Andalucia,04,ALMERÍA,BGNC,Biogas natural comprimido
01,Andalucia,04,ALMERÍA,BGNL,Biogas natural licuado
01,Andalucia,11,CÁDIZ,G95E5,Gasolina 95 E5
01,Andalucia,11,CÁDIZ,G95E10,Gasolina 95 E10
01,Andalucia,11,CÁDIZ,G95E25,Gasolina 95 E25
01,Andalucia,11,CÁDIZ,G95E85,Gasolina 95 E85
01,Andalucia,11,CÁDIZ,G95E5+,Gasolina 95 E5 Premium
01,Andalucia,11,CÁDIZ,G98E5,Gasolina 98 E5
01,Andalucia,11,CÁDIZ,G98E10,Gasolina 98 E10
01,Andalucia,11,CÁDIZ,GOA,Gasóleo A habitual
01,Andalucia,11,CÁDIZ,GOA+,Gasóleo Premium
01,Andalucia,11,CÁDIZ,GOB,Gasóleo B
01,Andalucia,11,CÁDIZ,GOC,Gasóleo C
01,Andalucia,11,CÁDIZ,BIE,Bioetanol
01,Andalucia,11,CÁDIZ,BIO,Biodiésel
01,Andalucia,11,CÁDIZ,GLP,Gases licuados del petróleo
01,Andalucia,11,CÁDIZ,GNC,Gas natural comprimido
01,Andalucia,11,CÁDIZ,GNL,Gas natural licuado
01,Andalucia,11,CÁDIZ,H2,Hidrógeno
01,Andalucia,11,CÁDIZ,ADB,Adblue
01,Andalucia,11,CÁDIZ,DREN,Diésel renovable
01,Andalucia,11,CÁDIZ,GREN,Gasolina renovable
01,Andalucia,11,CÁDIZ,MET,Metanol
01,Andalucia,11,CÁDIZ,AMO,Amoniaco
01,Andalucia,11,CÁDIZ,BGNC,Biogas natural comprimido
01,Andalucia,11,CÁDIZ,BGNL,Biogas natural licuado
01,Andalucia,14,CÓRDOBA,G95E5,Gasolina 95 E5
01,Andalucia,14,CÓRDOBA,G95E10,Gasolina 95 E10
01,Andalucia,14,CÓRDOBA,G95E25,Gasolina 95 E25
01,Andalucia,14,CÓRDOBA,G95E85,Gasolina 95 E85
01,Andalucia,14,CÓRDOBA,G95E5+,Gasolina 95 E5 Premium
01,Andalucia,14,CÓRDOBA,G98E5,Gasolina 98 E5
01,Andalucia,14,CÓRDOBA,G98E10,Gasolina 98 E10
01,Andalucia,14,CÓRDOBA,GOA,Gasóleo A habitual
01,Andalucia,14,CÓRDOBA,GOA+,Gasóleo Premium
01,Andalucia,14,CÓRDOBA,GOB,Gasóleo B
01,Andalucia,14,CÓRDOBA,GOC,Gasóleo C
01,Andalucia,14,CÓRDOBA,BIE,Bioetanol
01,Andalucia,14,CÓRDOBA,BIO,Biodiésel
01,Andalucia,14,CÓRDOBA,GLP,Gases licuados del petróleo
01,Andalucia,14,CÓRDOBA,GNC,Gas natural comprimido
01,Andalucia,14,CÓRDOBA,GNL,Gas natural licuado
01,Andalucia,14,CÓRDOBA,H2,Hidrógeno
01,Andalucia,14,CÓRDOBA,ADB,Adblue
01,Andalucia,14,CÓRDOBA,DREN,Diésel renovable
01,Andalucia,14,CÓRDOBA,GREN,Gasolina renovable
01,Andalucia,14,CÓRDOBA,MET,Metanol
01,Andalucia,14,CÓRDOBA,AMO,Amoniaco
01,Andalucia,14,CÓRDOBA,BGNC,Biogas natural comprimido
01,Andalucia,14,CÓRDOBA,BGNL,Biogas natural licuado
01,Andalucia,18,GRANADA,G95E5,Gasolina 95 E5
01,Andalucia,18,GRANADA,G95E10,Gasolina 95 E10
01,Andalucia,18,GRANADA,G95E25,Gasolina 95 E25
01,Andalucia,18,GRANADA,G95E85,Gasolina 95 E85
01,Andalucia,18,GRANADA,G95E5+,Gasolina 95 E5 Premium
01,Andalucia,18,GRANADA,G98E5,Gasolina 98 E5
01,Andalucia,18,GRANADA,G98E10,Gasolina 98 E10
01,Andalucia,18,GRANADA,GOA,Gasóleo A habitual
01,Andalucia,18,GRANADA,GOA+,Gasóleo Premium
01,Andalucia,18,GRANADA,GOB,Gasóleo B
01,Andalucia,18,GRANADA,GOC,Gasóleo C
01,Andalucia,18,GRANADA,BIE,Bioetanol
01,Andalucia,18,GRANADA,BIO,Biodiésel
01,Andalucia,18,GRANADA,GLP,Gases licuados del petróleo
01,Andalucia,18,GRANADA,GNC,Gas natural comprimido
01,Andalucia,18,GRANADA,GNL,Gas natural licuado
01,Andalucia,18,GRANADA,H2,Hidrógeno
01,Andalucia,18,GRANADA,ADB,Adblue
01,Andalucia,18,GRANADA,DREN,Diésel renovable
01,Andalucia,18,GRANADA,GREN,Gasolina renovable
01,Andalucia,18,GRANADA,MET,Metanol
01,Andalucia,18,GRANADA,AMO,Amoniaco
01,Andalucia,18,GRANADA,BGNC,Biogas natural comprimido
01,Andalucia,18,GRANADA,BGNL,Biogas natural licuado
01,Andalucia,21,HUELVA,G95E5,Gasolina 95 E5
01,Andalucia,21,HUELVA,G95E10,Gasolina 95 E10
01,Andalucia,21,HUELVA,G95E25,Gasolina 95 E25
01,Andalucia,21,HUELVA,G95E85,Gasolina 95 E85
01,Andalucia,21,HUELVA,G95E5+,Gasolina 95 E5 Premium
01,Andalucia,21,HUELVA,G98E5,Gasolina 98 E5
01,Andalucia,21,HUELVA,G98E10,Gasolina 98 E10
01,Andalucia,21,HUELVA,GOA,Gasóleo A habitual
01,Andalucia,21,HUELVA,GOA+,Gasóleo Premium
01,Andalucia,21,HUELVA,GOB,Gasóleo B
01,Andalucia,21,HUELVA,GOC,Gasóleo C
01,Andalucia,21,HUELVA,BIE,Bioetanol
01,Andalucia,21,HUELVA,BIO,Biodiésel
01,Andalucia,21,HUELVA,GLP,Gases licuados del petróleo
01,Andalucia,21,HUELVA,GNC,Gas natural comprimido
01,Andalucia,21,HUELVA,GNL,Gas natural licuado
01,Andalucia,21,HUELVA,H2,Hidrógeno
01,Andalucia,21,HUELVA,ADB,Adblue
01,Andalucia,21,HUELVA,DREN,Diésel renovable
01,Andalucia,21,HUELVA,GREN,Gasolina renovable
01,Andalucia,21,HUELVA,MET,Metanol
01,Andalucia,21,HUELVA,AMO,Amoniaco
01,Andalucia,21,HUELVA,BGNC,Biogas natural comprimido
01,Andalucia,21,HUELVA,BGNL,Biogas natural licuado
01,Andalucia,23,JAÉN,G95E5,Gasolina 95 E5
01,Andalucia,23,JAÉN,G95E10,Gasolina 95 E10
01,Andalucia,23,JAÉN,G95E25,Gasolina 95 E25
01,Andalucia,23,JAÉN,G95E85,Gasolina 95 E85
01,Andalucia,23,JAÉN,G95E5+,Gasolina 95 E5 Premium
01,Andalucia,23,JAÉN,G98E5,Gasolina 98 E5
01,Andalucia,23,JAÉN,G98E10,Gasolina 98 E10
01,Andalucia,23,JAÉN,GOA,Gasóleo A habitual
01,Andalucia,23,JAÉN,GOA+,Gasóleo Premium
01,Andalucia,23,JAÉN,GOB,Gasóleo B
01,Andalucia,23,JAÉN,GOC,Gasóleo C
01,Andalucia,23,JAÉN,BIE,Bioetanol
01,Andalucia,23,JAÉN,BIO,Biodiésel
01,Andalucia,23,JAÉN,GLP,Gases licuados del petróleo
01,Andalucia,23,JAÉN,GNC,Gas natural comprimido
01,Andalucia,23,JAÉN,GNL,Gas natural licuado
01,Andalucia,23,JAÉN,H2,Hidrógeno
01,Andalucia,23,JAÉN,ADB,Adblue
01,Andalucia,23,JAÉN,DREN,Diésel renovable
01,Andalucia,23,JAÉN,GREN,Gasolina renovable
01,Andalucia,23,JAÉN,MET,Metanol
01,Andalucia,23,JAÉN,AMO,Amoniaco
01,Andalucia,23,JAÉN,BGNC,Biogas natural comprimido
01,Andalucia,23,JAÉN,BGNL,Biogas natural licuado
01,Andalucia,29,MÁLAGA,G95E5,Gasolina 95 E5
01,Andalucia,29,MÁLAGA,G95E10,Gasolina 95 E10
01,Andalucia,29,MÁLAGA,G95E25,Gasolina 95 E25
01,Andalucia,29,MÁLAGA,G95E85,Gasolina 95 E85
01,Andalucia,29,MÁLAGA,G95E5+,Gasolina 95 E5 Premium
01,Andalucia,29,MÁLAGA,G98E5,Gasolina 98 E5
01,Andalucia,29,MÁLAGA,G98E10,Gasolina 98 E10
01,Andalucia,29,MÁLAGA,GOA,Gasóleo A habitual
01,Andalucia,29,MÁLAGA,GOA+,Gasóleo Premium
01,Andalucia,29,MÁLAGA,GOB,Gasóleo B
01,Andalucia,29,MÁLAGA,GOC,Gasóleo C
01,Andalucia,29,MÁLAGA,BIE,Bioetanol
01,Andalucia,29,MÁLAGA,BIO,Biodiésel
01,Andalucia,29,MÁLAGA,GLP,Gases licuados del petróleo
01,Andalucia,29,MÁLAGA,GNC,Gas natural comprimido
01,Andalucia,29,MÁLAGA,GNL,Gas natural licuado
01,Andalucia,29,MÁLAGA,H2,Hidrógeno
01,Andalucia,29,MÁLAGA,ADB,Adblue
01,Andalucia,29,MÁLAGA,DREN,Diésel renovable
01,Andalucia,29,MÁLAGA,GREN,Gasolina renovable
01,Andalucia,29,MÁLAGA,MET,Metanol
01,Andalucia,29,MÁLAGA,AMO,Amoniaco
01,Andalucia,29,MÁLAGA,BGNC,Biogas natural comprimido
01,Andalucia,29,MÁLAGA,BGNL,Biogas natural licuado
01,Andalucia,41,SEVILLA,G95E5,Gasolina 95 E5
01,Andalucia,41,SEVILLA,G95E10,Gasolina 95 E10
01,Andalucia,41,SEVILLA,G95E25,Gasolina 95 E25
01,Andalucia,41,SEVILLA,G95E85,Gasolina 95 E85
01,Andalucia,41,SEVILLA,G95E5+,Gasolina 95 E5 Premium
01,Andalucia,41,SEVILLA,G98E5,Gasolina 98 E5
01,Andalucia,41,SEVILLA,G98E10,Gasolina 98 E10
01,Andalucia,41,SEVILLA,GOA,Gasóleo A habitual
01,Andalucia,41,SEVILLA,GOA+,Gasóleo Premium
01,Andalucia,41,SEVILLA,GOB,Gasóleo B
01,Andalucia,41,SEVILLA,GOC,Gasóleo C
01,Andalucia,41,SEVILLA,BIE,Bioetanol
01,Andalucia,41,SEVILLA,BIO,Biodiésel
01,Andalucia,41,SEVILLA,GLP,Gases licuados del petróleo
01,Andalucia,41,SEVILLA,GNC,Gas natural comprimido
01,Andalucia,41,SEVILLA,GNL,Gas natural licuado
01,Andalucia,41,SEVILLA,H2,Hidrógeno
01,Andalucia,41,SEVILLA,ADB,Adblue
01,Andalucia,41,SEVILLA,DREN,Diésel renovable
01,Andalucia,41,SEVILLA,GREN,Gasolina renovable
01,Andalucia,41,SEVILLA,MET,Metanol
01,Andalucia,41,SEVILLA,AMO,Amoniaco
01,Andalucia,41,SEVILLA,BGNC,Biogas natural comprimido
01,Andalucia,41,SEVILLA,BGNL,Biogas natural licuado
02,Aragón,22,HUESCA,G95E5,Gasolina 95 E5
02,Aragón,22,HUESCA,G95E10,Gasolina 95 E10
02,Aragón,22,HUESCA,G95E25,Gasolina 95 E25
02,Aragón,22,HUESCA,G95E85,Gasolina 95 E85
02,Aragón,22,HUESCA,G95E5+,Gasolina 95 E5 Premium
02,Aragón,22,HUESCA,G98E5,Gasolina 98 E5
02,Aragón,22,HUESCA,G98E10,Gasolina 98 E10
02,Aragón,22,HUESCA,GOA,Gasóleo A habitual
02,Aragón,22,HUESCA,GOA+,Gasóleo Premium
02,Aragón,22,HUESCA,GOB,Gasóleo B
02,Aragón,22,HUESCA,GOC,Gasóleo C
02,Aragón,22,HUESCA,BIE,Bioetanol
02,Aragón,22,HUESCA,BIO,Biodiésel
02,Aragón,22,HUESCA,GLP,Gases licuados del petróleo
02,Aragón,22,HUESCA,GNC,Gas natural comprimido
02,Aragón,22,HUESCA,GNL,Gas natural licuado
02,Aragón,22,HUESCA,H2,Hidrógeno
02,Aragón,22,HUESCA,ADB,Adblue
02,Aragón,22,HUESCA,DREN,Diésel renovable
02,Aragón,22,HUESCA,GREN,Gasolina renovable
02,Aragón,22,HUESCA,MET,Metanol
02,Aragón,22,HUESCA,AMO,Amoniaco
02,Aragón,22,HUESCA,BGNC,Biogas natural comprimido
02,Aragón,22,HUESCA,BGNL,Biogas natural licuado
02,Aragón,44,TERUEL,G95E5,Gasolina 95 E5
02,Aragón,44,TERUEL,G95E10,Gasolina 95 E10
02,Aragón,44,TERUEL,G95E25,Gasolina 95 E25
02,Aragón,44,TERUEL,G95E85,Gasolina 95 E85
02,Aragón,44,TERUEL,G95E5+,Gasolina 95 E5 Premium
02,Aragón,44,TERUEL,G98E5,Gasolina 98 E5
02,Aragón,44,TERUEL,G98E10,Gasolina 98 E10
02,Aragón,44,TERUEL,GOA,Gasóleo A habitual
02,Aragón,44,TERUEL,GOA+,Gasóleo Premium
02,Aragón,44,TERUEL,GOB,Gasóleo B
02,Aragón,44,TERUEL,GOC,Gasóleo C
02,Aragón,44,TERUEL,BIE,Bioetanol
02,Aragón,44,TERUEL,BIO,Biodiésel
02,Aragón,44,TERUEL,GLP,Gases licuados del petróleo
02,Aragón,44,TERUEL,GNC,Gas natural comprimido
02,Aragón,44,TERUEL,GNL,Gas natural licuado
02,Aragón,44,TERUEL,H2,Hidrógeno
02,Aragón,44,TERUEL,ADB,Adblue
02,Aragón,44,TERUEL,DREN,Diésel renovable
02,Aragón,44,TERUEL,GREN,Gasolina renovable
02,Aragón,44,TERUEL,MET,Metanol
02,Aragón,44,TERUEL,AMO,Amoniaco
02,Aragón,44,TERUEL,BGNC,Biogas natural comprimido
02,Aragón,44,TERUEL,BGNL,Biogas natural licuado
02,Aragón,50,ZARAGOZA,G95E5,Gasolina 95 E5
02,Aragón,50,ZARAGOZA,G95E10,Gasolina 95 E10
02,Aragón,50,ZARAGOZA,G95E25,Gasolina 95 E25
02,Aragón,50,ZARAGOZA,G95E85,Gasolina 95 E85
02,Aragón,50,ZARAGOZA,G95E5+,Gasolina 95 E5 Premium
02,Aragón,50,ZARAGOZA,G98E5,Gasolina 98 E5
02,Aragón,50,ZARAGOZA,G98E10,Gasolina 98 E10
02,Aragón,50,ZARAGOZA,GOA,Gasóleo A habitual
02,Aragón,50,ZARAGOZA,GOA+,Gasóleo Premium
02,Aragón,50,ZARAGOZA,GOB,Gasóleo B
02,Aragón,50,ZARAGOZA,GOC,Gasóleo C
02,Aragón,50,ZARAGOZA,BIE,Bioetanol
02,Aragón,50,ZARAGOZA,BIO,Biodiésel
02,Aragón,50,ZARAGOZA,GLP,Gases licuados del petróleo
02,Aragón,50,ZARAGOZA,GNC,Gas natural comprimido
02,Aragón,50,ZARAGOZA,GNL,Gas natural licuado
02,Aragón,50,ZARAGOZA,H2,Hidrógeno
02,Aragón,50,ZARAGOZA,ADB,Adblue
02,Aragón,50,ZARAGOZA,DREN,Diésel renovable
02,Aragón,50,ZARAGOZA,GREN,Gasolina renovable
02,Aragón,50,ZARAGOZA,MET,Metanol
02,Aragón,50,ZARAGOZA,AMO,Amoniaco
02,Aragón,50,ZARAGOZA,BGNC,Biogas natural comprimido
02,Aragón,50,ZARAGOZA,BGNL,Biogas natural licuado
03,Asturias,33,ASTURIAS,G95E5,Gasolina 95 E5
03,Asturias,33,ASTURIAS,G95E10,Gasolina 95 E10
03,Asturias,33,ASTURIAS,G95E25,Gasolina 95 E25
03,Asturias,33,ASTURIAS,G95E85,Gasolina 95 E85
03,Asturias,33,ASTURIAS,G95E5+,Gasolina 95 E5 Premium
03,Asturias,33,ASTURIAS,G98E5,Gasolina 98 E5
03,Asturias,33,ASTURIAS,G98E10,Gasolina 98 E10
03,Asturias,33,ASTURIAS,GOA,Gasóleo A habitual
03,Asturias,33,ASTURIAS,GOA+,Gasóleo Premium
03,Asturias,33,ASTURIAS,GOB,Gasóleo B
03,Asturias,33,ASTURIAS,GOC,Gasóleo C
03,Asturias,33,ASTURIAS,BIE,Bioetanol
03,Asturias,33,ASTURIAS,BIO,Biodiésel
03,Asturias,33,ASTURIAS,GLP,Gases licuados del petróleo
03,Asturias,33,ASTURIAS,GNC,Gas natural comprimido
03,Asturias,33,ASTURIAS,GNL,Gas natural licuado
03,Asturias,33,ASTURIAS,H2,Hidrógeno
03,Asturias,33,ASTURIAS,ADB,Adblue
03,Asturias,33,ASTURIAS,DREN,Diésel renovable
03,Asturias,33,ASTURIAS,GREN,Gasolina renovable
03,Asturias,33,ASTURIAS,MET,Metanol
03,Asturias,33,ASTURIAS,AMO,Amoniaco
03,Asturias,33,ASTURIAS,BGNC,Biogas natural comprimido
03,Asturias,33,ASTURIAS,BGNL,Biogas natural licuado
04,Baleares,07,BALEARS (ILLES),G95E5,Gasolina 95 E5
04,Baleares,07,BALEARS (ILLES),G95E10,Gasolina 95 E10
04,Baleares,07,BALEARS (ILLES),G95E25,Gasolina 95 E25
04,Baleares,07,BALEARS (ILLES),G95E85,Gasolina 95 E85
04,Baleares,07,BALEARS (ILLES),G95E5+,Gasolina 95 E5 Premium
04,Baleares,07,BALEARS (ILLES),G98E5,Gasolina 98 E5
04,Baleares,07,BALEARS (ILLES),G98E10,Gasolina 98 E10
04,Baleares,07,BALEARS (ILLES),GOA,Gasóleo A habitual
04,Baleares,07,BALEARS (ILLES),GOA+,Gasóleo Premium
04,Baleares,07,BALEARS (ILLES),GOB,Gasóleo B
04,Baleares,07,BALEARS (ILLES),GOC,Gasóleo C
04,Baleares,07,BALEARS (ILLES),BIE,Bioetanol
04,Baleares,07,BALEARS (ILLES),BIO,Biodiésel
04,Baleares,07,BALEARS (ILLES),GLP,Gases licuados del petróleo
04,Baleares,07,BALEARS (ILLES),GNC,Gas natural comprimido
04,Baleares,07,BALEARS (ILLES),GNL,Gas natural licuado
04,Baleares,07,BALEARS (ILLES),H2,Hidrógeno
04,Baleares,07,BALEARS (ILLES),ADB,Adblue
04,Baleares,07,BALEARS (ILLES),DREN,Diésel renovable
04,Baleares,07,BALEARS (ILLES),GREN,Gasolina renovable
04,Baleares,07,BALEARS (ILLES),MET,Metanol
04,Baleares,07,BALEARS (ILLES),AMO,Amoniaco
04,Baleares,07,BALEARS (ILLES),BGNC,Biogas natural comprimido
04,Baleares,07,BALEARS (ILLES),BGNL,Biogas natural licuado
05,Canarias,35,PALMAS (LAS),G95E5,Gasolina 95 E5
05,Canarias,35,PALMAS (LAS),G95E10,Gasolina 95 E10
05,Canarias,35,PALMAS (LAS),G95E25,Gasolina 95 E25
05,Canarias,35,PALMAS (LAS),G95E85,Gasolina 95 E85
05,Canarias,35,PALMAS (LAS),G95E5+,Gasolina 95 E5 Premium
05,Canarias,35,PALMAS (LAS),G98E5,Gasolina 98 E5
05,Canarias,35,PALMAS (LAS),G98E10,Gasolina 98 E10
05,Canarias,35,PALMAS (LAS),GOA,Gasóleo A habitual
05,Canarias,35,PALMAS (LAS),GOA+,Gasóleo Premium
05,Canarias,35,PALMAS (LAS),GOB,Gasóleo B
05,Canarias,35,PALMAS (LAS),GOC,Gasóleo C
05,Canarias,35,PALMAS (LAS),BIE,Bioetanol
05,Canarias,35,PALMAS (LAS),BIO,Biodiésel
05,Canarias,35,PALMAS (LAS),GLP,Gases licuados del petróleo
05,Canarias,35,PALMAS (LAS),GNC,Gas natural comprimido
05,Canarias,35,PALMAS (LAS),GNL,Gas natural licuado
05,Canarias,35,PALMAS (LAS),H2,Hidrógeno
05,Canarias,35,PALMAS (LAS),ADB,Adblue
05,Canarias,35,PALMAS (LAS),DREN,Diésel renovable
05,Canarias,35,PALMAS (LAS),GREN,Gasolina renovable
05,Canarias,35,PALMAS (LAS),MET,Metanol
05,Canarias,35,PALMAS (LAS),AMO,Amoniaco
05,Canarias,35,PALMAS (LAS),BGNC,Biogas natural comprimido
05,Canarias,35,PALMAS (LAS),BGNL,Biogas natural licuado
05,Canarias,38,SANTA CRUZ DE TENERIFE,G95E5,Gasolina 95 E5
05,Canarias,38,SANTA CRUZ DE TENERIFE,G95E10,Gasolina 95 E10
05,Canarias,38,SANTA CRUZ DE TENERIFE,G95E25,Gasolina 95 E25
05,Canarias,38,SANTA CRUZ DE TENERIFE,G95E85,Gasolina 95 E85
05,Canarias,38,SANTA CRUZ DE TENERIFE,G95E5+,Gasolina 95 E5 Premium
05,Canarias,38,SANTA CRUZ DE TENERIFE,G98E5,Gasolina 98 E5
05,Canarias,38,SANTA CRUZ DE TENERIFE,G98E10,Gasolina 98 E10
05,Canarias,38,SANTA CRUZ DE TENERIFE,GOA,Gasóleo A habitual
05,Canarias,38,SANTA CRUZ DE TENERIFE,GOA+,Gasóleo Premium
05,Canarias,38,SANTA CRUZ DE TENERIFE,GOB,Gasóleo B
05,Canarias,38,SANTA CRUZ DE TENERIFE,GOC,Gasóleo C
05,Canarias,38,SANTA CRUZ DE TENERIFE,BIE,Bioetanol
05,Canarias,38,SANTA CRUZ DE TENERIFE,BIO,Biodiésel
05,Canarias,38,SANTA CRUZ DE TENERIFE,GLP,Gases licuados del petróleo
05,Canarias,38,SANTA CRUZ DE TENERIFE,GNC,Gas natural comprimido
05,Canarias,38,SANTA CRUZ DE TENERIFE,GNL,Gas natural licuado
05,Canarias,38,SANTA CRUZ DE TENERIFE,H2,Hidrógeno
05,Canarias,38,SANTA CRUZ DE TENERIFE,ADB,Adblue
05,Canarias,38,SANTA CRUZ DE TENERIFE,DREN,Diésel renovable
05,Canarias,38,SANTA CRUZ DE TENERIFE,GREN,Gasolina renovable
05,Canarias,38,SANTA CRUZ DE TENERIFE,MET,Metanol
05,Canarias,38,SANTA CRUZ DE TENERIFE,AMO,Amoniaco
05,Canarias,38,SANTA CRUZ DE TENERIFE,BGNC,Biogas natural comprimido
05,Canarias,38,SANTA CRUZ DE TENERIFE,BGNL,Biogas natural licuado
06,Cantabria,39,CANTABRIA,G95E5,Gasolina 95 E5
06,Cantabria,39,CANTABRIA,G95E10,Gasolina 95 E10
06,Cantabria,39,CANTABRIA,G95E25,Gasolina 95 E25
06,Cantabria,39,CANTABRIA,G95E85,Gasolina 95 E85
06,Cantabria,39,CANTABRIA,G95E5+,Gasolina 95 E5 Premium
06,Cantabria,39,CANTABRIA,G98E5,Gasolina 98 E5
06,Cantabria,39,CANTABRIA,G98E10,Gasolina 98 E10
06,Cantabria,39,CANTABRIA,GOA,Gasóleo A habitual
06,Cantabria,39,CANTABRIA,GOA+,Gasóleo Premium
06,Cantabria,39,CANTABRIA,GOB,Gasóleo B
06,Cantabria,39,CANTABRIA,GOC,Gasóleo C
06,Cantabria,39,CANTABRIA,BIE,Bioetanol
06,Cantabria,39,CANTABRIA,BIO,Biodiésel
06,Cantabria,39,CANTABRIA,GLP,Gases licuados del petróleo
06,Cantabria,39,CANTABRIA,GNC,Gas natural comprimido
06,Cantabria,39,CANTABRIA,GNL,Gas natural licuado
06,Cantabria,39,CANTABRIA,H2,Hidrógeno
06,Cantabria,39,CANTABRIA,ADB,Adblue
06,Cantabria,39,CANTABRIA,DREN,Diésel renovable
06,Cantabria,39,CANTABRIA,GREN,Gasolina renovable
06,Cantabria,39,CANTABRIA,MET,Metanol
06,Cantabria,39,CANTABRIA,AMO,Amoniaco
06,Cantabria,39,CANTABRIA,BGNC,Biogas natural comprimido
06,Cantabria,39,CANTABRIA,BGNL,Biogas natural licuado
07,Castilla la Mancha,02,ALBACETE,G95E5,Gasolina 95 E5
07,Castilla la Mancha,02,ALBACETE,G95E10,Gasolina 95 E10
07,Castilla la Mancha,02,ALBACETE,G95E25,Gasolina 95 E25
07,Castilla la Mancha,02,ALBACETE,G95E85,Gasolina 95 E85
07,Castilla la Mancha,02,ALBACETE,G95E5+,Gasolina 95 E5 Premium
07,Castilla la Mancha,02,ALBACETE,G98E5,Gasolina 98 E5
07,Castilla la Mancha,02,ALBACETE,G98E10,Gasolina 98 E10
07,Castilla la Mancha,02,ALBACETE,GOA,Gasóleo A habitual
07,Castilla la Mancha,02,ALBACETE,GOA+,Gasóleo Premium
07,Castilla la Mancha,02,ALBACETE,GOB,Gasóleo B
07,Castilla la Mancha,02,ALBACETE,GOC,Gasóleo C
07,Castilla la Mancha,02,ALBACETE,BIE,Bioetanol
07,Castilla la Mancha,02,ALBACETE,BIO,Biodiésel
07,Castilla la Mancha,02,ALBACETE,GLP,Gases licuados del petróleo
07,Castilla la Mancha,02,ALBACETE,GNC,Gas natural comprimido
07,Castilla la Mancha,02,ALBACETE,GNL,Gas natural licuado
07,Castilla la Mancha,02,ALBACETE,H2,Hidrógeno
07,Castilla la Mancha,02,ALBACETE,ADB,Adblue
07,Castilla la Mancha,02,ALBACETE,DREN,Diésel renovable
07,Castilla la Mancha,02,ALBACETE,GREN,Gasolina renovable
07,Castilla la Mancha,02,ALBACETE,MET,Metanol
07,Castilla la Mancha,02,ALBACETE,AMO,Amoniaco
07,Castilla la Mancha,02,ALBACETE,BGNC,Biogas natural comprimido
07,Castilla la Mancha,02,ALBACETE,BGNL,Biogas natural licuado
07,Castilla la Mancha,13,CIUDAD REAL,G95E5,Gasolina 95 E5
07,Castilla la Mancha,13,CIUDAD REAL,G95E10,Gasolina 95 E10
07,Castilla la Mancha,13,CIUDAD REAL,G95E25,Gasolina 95 E25
07,Castilla la Mancha,13,CIUDAD REAL,G95E85,Gasolina 95 E85
07,Castilla la Mancha,13,CIUDAD REAL,G95E5+,Gasolina 95 E5 Premium
07,Castilla la Mancha,13,CIUDAD REAL,G98E5,Gasolina 98 E5
07,Castilla la Mancha,13,CIUDAD REAL,G98E10,Gasolina 98 E10
07,Castilla la Mancha,13,CIUDAD REAL,GOA,Gasóleo A habitual
07,Castilla la Mancha,13,CIUDAD REAL,GOA+,Gasóleo Premium
07,Castilla la Mancha,13,CIUDAD REAL,GOB,Gasóleo B
07,Castilla la Mancha,13,CIUDAD REAL,GOC,Gasóleo C
07,Castilla la Mancha,13,CIUDAD REAL,BIE,Bioetanol
07,Castilla la Mancha,13,CIUDAD REAL,BIO,Biodiésel
07,Castilla la Mancha,13,CIUDAD REAL,GLP,Gases licuados del petróleo
07,Castilla la Mancha,13,CIUDAD REAL,GNC,Gas natural comprimido
07,Castilla la Mancha,13,CIUDAD REAL,GNL,Gas natural licuado
07,Castilla la Mancha,13,CIUDAD REAL,H2,Hidrógeno
07,Castilla la Mancha,13,CIUDAD REAL,ADB,Adblue
07,Castilla la Mancha,13,CIUDAD REAL,DREN,Diésel renovable
07,Castilla la Mancha,13,CIUDAD REAL,GREN,Gasolina renovable
07,Castilla la Mancha,13,CIUDAD REAL,MET,Metanol
07,Castilla la Mancha,13,CIUDAD REAL,AMO,Amoniaco
07,Castilla la Mancha,13,CIUDAD REAL,BGNC,Biogas natural comprimido
07,Castilla la Mancha,13,CIUDAD REAL,BGNL,Biogas natural licuado
07,Castilla la Mancha,16,CUENCA,G95E5,Gasolina 95 E5
07,Castilla la Mancha,16,CUENCA,G95E10,Gasolina 95 E10
07,Castilla la Mancha,16,CUENCA,G95E25,Gasolina 95 E25
07,Castilla la Mancha,16,CUENCA,G95E85,Gasolina 95 E85
07,Castilla la Mancha,16,CUENCA,G95E5+,Gasolina 95 E5 Premium
07,Castilla la Mancha,16,CUENCA,G98E5,Gasolina 98 E5
07,Castilla la Mancha,16,CUENCA,G98E10,Gasolina 98 E10
07,Castilla la Mancha,16,CUENCA,GOA,Gasóleo A habitual
07,Castilla la Mancha,16,CUENCA,GOA+,Gasóleo Premium
07,Castilla la Mancha,16,CUENCA,GOB,Gasóleo B
07,Castilla la Mancha,16,CUENCA,GOC,Gasóleo C
07,Castilla la Mancha,16,CUENCA,BIE,Bioetanol
07,Castilla la Mancha,16,CUENCA,BIO,Biodiésel
07,Castilla la Mancha,16,CUENCA,GLP,Gases licuados del petróleo
07,Castilla la Mancha,16,CUENCA,GNC,Gas natural comprimido
07,Castilla la Mancha,16,CUENCA,GNL,Gas natural licuado
07,Castilla la Mancha,16,CUENCA,H2,Hidrógeno
07,Castilla la Mancha,16,CUENCA,ADB,Adblue
07,Castilla la Mancha,16,CUENCA,DREN,Diésel renovable
07,Castilla la Mancha,16,CUENCA,GREN,Gasolina renovable
07,Castilla la Mancha,16,CUENCA,MET,Metanol
07,Castilla la Mancha,16,CUENCA,AMO,Amoniaco
07,Castilla la Mancha,16,CUENCA,BGNC,Biogas natural comprimido
07,Castilla la Mancha,16,CUENCA,BGNL,Biogas natural licuado
07,Castilla la Mancha,19,GUADALAJARA,G95E5,Gasolina 95 E5
07,Castilla la Mancha,19,GUADALAJARA,G95E10,Gasolina 95 E10
07,Castilla la Mancha,19,GUADALAJARA,G95E25,Gasolina 95 E25
07,Castilla la Mancha,19,GUADALAJARA,G95E85,Gasolina 95 E85
07,Castilla la Mancha,19,GUADALAJARA,G95E5+,Gasolina 95 E5 Premium
07,Castilla la Mancha,19,GUADALAJARA,G98E5,Gasolina 98 E5
07,Castilla la Mancha,19,GUADALAJARA,G98E10,Gasolina 98 E10
07,Castilla la Mancha,19,GUADALAJARA,GOA,Gasóleo A habitual
07,Castilla la Mancha,19,GUADALAJARA,GOA+,Gasóleo Premium
07,Castilla la Mancha,19,GUADALAJARA,GOB,Gasóleo B
07,Castilla la Mancha,19,GUADALAJARA,GOC,Gasóleo C
07,Castilla la Mancha,19,GUADALAJARA,BIE,Bioetanol
07,Castilla la Mancha,19,GUADALAJARA,BIO,Biodiésel
07,Castilla la Mancha,19,GUADALAJARA,GLP,Gases licuados del petróleo
07,Castilla la Mancha,19,GUADALAJARA,GNC,Gas natural comprimido
07,Castilla la Mancha,19,GUADALAJARA,GNL,Gas natural licuado
07,Castilla la Mancha,19,GUADALAJARA,H2,Hidrógeno
07,Castilla la Mancha,19,GUADALAJARA,ADB,Adblue
07,Castilla la Mancha,19,GUADALAJARA,DREN,Diésel renovable
07,Castilla la Mancha,19,GUADALAJARA,GREN,Gasolina renovable
07,Castilla la Mancha,19,GUADALAJARA,MET,Metanol
07,Castilla la Mancha,19,GUADALAJARA,AMO,Amoniaco
07,Castilla la Mancha,19,GUADALAJARA,BGNC,Biogas natural comprimido
07,Castilla la Mancha,19,GUADALAJARA,BGNL,Biogas natural licuado
07,Castilla la Mancha,45,TOLEDO,G95E5,Gasolina 95 E5
07,Castilla la Mancha,45,TOLEDO,G95E10,Gasolina 95 E10
07,Castilla la Mancha,45,TOLEDO,G95E25,Gasolina 95 E25
07,Castilla la Mancha,45,TOLEDO,G95E85,Gasolina 95 E85
07,Castilla la Mancha,45,TOLEDO,G95E5+,Gasolina 95 E5 Premium
07,Castilla la Mancha,45,TOLEDO,G98E5,Gasolina 98 E5
07,Castilla la Mancha,45,TOLEDO,G98E10,Gasolina 98 E10
07,Castilla la Mancha,45,TOLEDO,GOA,Gasóleo A habitual
07,Castilla la Mancha,45,TOLEDO,GOA+,Gasóleo Premium
07,Castilla la Mancha,45,TOLEDO,GOB,Gasóleo B
07,Castilla la Mancha,45,TOLEDO,GOC,Gasóleo C
07,Castilla la Mancha,45,TOLEDO,BIE,Bioetanol
07,Castilla la Mancha,45,TOLEDO,BIO,Biodiésel
07,Castilla la Mancha,45,TOLEDO,GLP,Gases licuados del petróleo
07,Castilla la Mancha,45,TOLEDO,GNC,Gas natural comprimido
07,Castilla la Mancha,45,TOLEDO,GNL,Gas natural licuado
07,Castilla la Mancha,45,TOLEDO,H2,Hidrógeno
07,Castilla la Mancha,45,TOLEDO,ADB,Adblue
07,Castilla la Mancha,45,TOLEDO,DREN,Diésel renovable
07,Castilla la Mancha,45,TOLEDO,GREN,Gasolina renovable
07,Castilla la Mancha,45,TOLEDO,MET,Metanol
07,Castilla la Mancha,45,TOLEDO,AMO,Amoniaco
07,Castilla la Mancha,45,TOLEDO,BGNC,Biogas natural comprimido
07,Castilla la Mancha,45,TOLEDO,BGNL,Biogas natural licuado
08,Castilla y León,05,ÁVILA,G95E5,Gasolina 95 E5
08,Castilla y León,05,ÁVILA,G95E10,Gasolina 95 E10
08,Castilla y León,05,ÁVILA,G95E25,Gasolina 95 E25
08,Castilla y León,05,ÁVILA,G95E85,Gasolina 95 E85
08,Castilla y León,05,ÁVILA,G95E5+,Gasolina 95 E5 Premium
08,Castilla y León,05,ÁVILA,G98E5,Gasolina 98 E5
08,Castilla y León,05,ÁVILA,G98E10,Gasolina 98 E10
08,Castilla y León,05,ÁVILA,GOA,Gasóleo A habitual
08,Castilla y León,05,ÁVILA,GOA+,Gasóleo Premium
08,Castilla y León,05,ÁVILA,GOB,Gasóleo B
08,Castilla y León,05,ÁVILA,GOC,Gasóleo C
08,Castilla y León,05,ÁVILA,BIE,Bioetanol
08,Castilla y León,05,ÁVILA,BIO,Biodiésel
08,Castilla y León,05,ÁVILA,GLP,Gases licuados del petróleo
08,Castilla y León,05,ÁVILA,GNC,Gas natural comprimido
08,Castilla y León,05,ÁVILA,GNL,Gas natural licuado
08,Castilla y León,05,ÁVILA,H2,Hidrógeno
08,Castilla y León,05,ÁVILA,ADB,Adblue
08,Castilla y León,05,ÁVILA,DREN,Diésel renovable
08,Castilla y León,05,ÁVILA,GREN,Gasolina renovable
08,Castilla y León,05,ÁVILA,MET,Metanol
08,Castilla y León,05,ÁVILA,AMO,Amoniaco
08,Castilla y León,05,ÁVILA,BGNC,Biogas natural comprimido
08,Castilla y León,05,ÁVILA,BGNL,Biogas natural licuado
08,Castilla y León,09,BURGOS,G95E5,Gasolina 95 E5
08,Castilla y León,09,BURGOS,G95E10,Gasolina 95 E10
08,Castilla y León,09,BURGOS,G95E25,Gasolina 95 E25
08,Castilla y León,09,BURGOS,G95E85,Gasolina 95 E85
08,Castilla y León,09,BURGOS,G95E5+,Gasolina 95 E5 Premium
08,Castilla y León,09,BURGOS,G98E5,Gasolina 98 E5
08,Castilla y León,09,BURGOS,G98E10,Gasolina 98 E10
08,Castilla y León,09,BURGOS,GOA,Gasóleo A habitual
08,Castilla y León,09,BURGOS,GOA+,Gasóleo Premium
08,Castilla y León,09,BURGOS,GOB,Gasóleo B
08,Castilla y León,09,BURGOS,GOC,Gasóleo C
08,Castilla y León,09,BURGOS,BIE,Bioetanol
08,Castilla y León,09,BURGOS,BIO,Biodiésel
08,Castilla y León,09,BURGOS,GLP,Gases licuados del petróleo
08,Castilla y León,09,BURGOS,GNC,Gas natural comprimido
08,Castilla y León,09,BURGOS,GNL,Gas natural licuado
08,Castilla y León,09,BURGOS,H2,Hidrógeno
08,Castilla y León,09,BURGOS,ADB,Adblue
08,Castilla y León,09,BURGOS,DREN,Diésel renovable
08,Castilla y León,09,BURGOS,GREN,Gasolina renovable
08,Castilla y León,09,BURGOS,MET,Metanol
08,Castilla y León,09,BURGOS,AMO,Amoniaco
08,Castilla y León,09,BURGOS,BGNC,Biogas natural comprimido
08,Castilla y León,09,BURGOS,BGNL,Biogas natural licuado
08,Castilla y León,24,LEÓN,G95E5,Gasolina 95 E5
08,Castilla y León,24,LEÓN,G95E10,Gasolina 95 E10
08,Castilla y León,24,LEÓN,G95E25,Gasolina 95 E25
08,Castilla y León,24,LEÓN,G95E85,Gasolina 95 E85
08,Castilla y León,24,LEÓN,G95E5+,Gasolina 95 E5 Premium
08,Castilla y León,24,LEÓN,G98E5,Gasolina 98 E5
08,Castilla y León,24,LEÓN,G98E10,Gasolina 98 E10
08,Castilla y León,24,LEÓN,GOA,Gasóleo A habitual
08,Castilla y León,24,LEÓN,GOA+,Gasóleo Premium
08,Castilla y León,24,LEÓN,GOB,Gasóleo B
08,Castilla y León,24,LEÓN,GOC,Gasóleo C
08,Castilla y León,24,LEÓN,BIE,Bioetanol
08,Castilla y León,24,LEÓN,BIO,Biodiésel
08,Castilla y León,24,LEÓN,GLP,Gases licuados del petróleo
08,Castilla y León,24,LEÓN,GNC,Gas natural comprimido
08,Castilla y León,24,LEÓN,GNL,Gas natural licuado
08,Castilla y León,24,LEÓN,H2,Hidrógeno
08,Castilla y León,24,LEÓN,ADB,Adblue
08,Castilla y León,24,LEÓN,DREN,Diésel renovable
08,Castilla y León,24,LEÓN,GREN,Gasolina renovable
08,Castilla y León,24,LEÓN,MET,Metanol
08,Castilla y León,24,LEÓN,AMO,Amoniaco
08,Castilla y León,24,LEÓN,BGNC,Biogas natural comprimido
08,Castilla y León,24,LEÓN,BGNL,Biogas natural licuado
08,Castilla y León,34,PALENCIA,G95E5,Gasolina 95 E5
08,Castilla y León,34,PALENCIA,G95E10,Gasolina 95 E10
08,Castilla y León,34,PALENCIA,G95E25,Gasolina 95 E25
08,Castilla y León,34,PALENCIA,G95E85,Gasolina 95 E85
08,Castilla y León,34,PALENCIA,G95E5+,Gasolina 95 E5 Premium
08,Castilla y León,34,PALENCIA,G98E5,Gasolina 98 E5
08,Castilla y León,34,PALENCIA,G98E10,Gasolina 98 E10
08,Castilla y León,34,PALENCIA,GOA,Gasóleo A habitual
08,Castilla y León,34,PALENCIA,GOA+,Gasóleo Premium
08,Castilla y León,34,PALENCIA,GOB,Gasóleo B
08,Castilla y León,34,PALENCIA,GOC,Gasóleo C
08,Castilla y León,34,PALENCIA,BIE,Bioetanol
08,Castilla y León,34,PALENCIA,BIO,Biodiésel
08,Castilla y León,34,PALENCIA,GLP,Gases licuados del petróleo
08,Castilla y León,34,PALENCIA,GNC,Gas natural comprimido
08,Castilla y León,34,PALENCIA,GNL,Gas natural licuado
08,Castilla y León,34,PALENCIA,H2,Hidrógeno
08,Castilla y León,34,PALENCIA,ADB,Adblue
08,Castilla y León,34,PALENCIA,DREN,Diésel renovable
08,Castilla y León,34,PALENCIA,GREN,Gasolina renovable
08,Castilla y León,34,PALENCIA,MET,Metanol
08,Castilla y León,34,PALENCIA,AMO,Amoniaco
08,Castilla y León,34,PALENCIA,BGNC,Biogas natural comprimido
08,Castilla y León,34,PALENCIA,BGNL,Biogas natural licuado
08,Castilla y León,37,SALAMANCA,G95E5,Gasolina 95 E5
08,Castilla y León,37,SALAMANCA,G95E10,Gasolina 95 E10
08,Castilla y León,37,SALAMANCA,G95E25,Gasolina 95 E25
08,Castilla y León,37,SALAMANCA,G95E85,Gasolina 95 E85
08,Castilla y León,37,SALAMANCA,G95E5+,Gasolina 95 E5 Premium
08,Castilla y León,37,SALAMANCA,G98E5,Gasolina 98 E5
08,Castilla y León,37,SALAMANCA,G98E10,Gasolina 98 E10
08,Castilla y León,37,SALAMANCA,GOA,Gasóleo A habitual
08,Castilla y León,37,SALAMANCA,GOA+,Gasóleo Premium
08,Castilla y León,37,SALAMANCA,GOB,Gasóleo B
08,Castilla y León,37,SALAMANCA,GOC,Gasóleo C
08,Castilla y León,37,SALAMANCA,BIE,Bioetanol
08,Castilla y León,37,SALAMANCA,BIO,Biodiésel
08,Castilla y León,37,SALAMANCA,GLP,Gases licuados del petróleo
08,Castilla y León,37,SALAMANCA,GNC,Gas natural comprimido
08,Castilla y León,37,SALAMANCA,GNL,Gas natural licuado
08,Castilla y León,37,SALAMANCA,H2,Hidrógeno
08,Castilla y León,37,SALAMANCA,ADB,Adblue
08,Castilla y León,37,SALAMANCA,DREN,Diésel renovable
08,Castilla y León,37,SALAMANCA,GREN,Gasolina renovable
08,Castilla y León,37,SALAMANCA,MET,Metanol
08,Castilla y León,37,SALAMANCA,AMO,Amoniaco
08,Castilla y León,37,SALAMANCA,BGNC,Biogas natural comprimido
08,Castilla y León,37,SALAMANCA,BGNL,Biogas natural licuado
08,Castilla y León,40,SEGOVIA,G95E5,Gasolina 95 E5
08,Castilla y León,40,SEGOVIA,G95E10,Gasolina 95 E10
08,Castilla y León,40,SEGOVIA,G95E25,Gasolina 95 E25
08,Castilla y León,40,SEGOVIA,G95E85,Gasolina 95 E85
08,Castilla y León,40,SEGOVIA,G95E5+,Gasolina 95 E5 Premium
08,Castilla y León,40,SEGOVIA,G98E5,Gasolina 98 E5
08,Castilla y León,40,SEGOVIA,G98E10,Gasolina 98 E10
08,Castilla y León,40,SEGOVIA,GOA,Gasóleo A habitual
08,Castilla y León,40,SEGOVIA,GOA+,Gasóleo Premium
08,Castilla y León,40,SEGOVIA,GOB,Gasóleo B
08,Castilla y León,40,SEGOVIA,GOC,Gasóleo C
08,Castilla y León,40,SEGOVIA,BIE,Bioetanol
08,Castilla y León,40,SEGOVIA,BIO,Biodiésel
08,Castilla y León,40,SEGOVIA,GLP,Gases licuados del petróleo
08,Castilla y León,40,SEGOVIA,GNC,Gas natural comprimido
08,Castilla y León,40,SEGOVIA,GNL,Gas natural licuado
08,Castilla y León,40,SEGOVIA,H2,Hidrógeno
08,Castilla y León,40,SEGOVIA,ADB,Adblue
08,Castilla y León,40,SEGOVIA,DREN,Diésel renovable
08,Castilla y León,40,SEGOVIA,GREN,Gasolina renovable
08,Castilla y León,40,SEGOVIA,MET,Metanol
08,Castilla y León,40,SEGOVIA,AMO,Amoniaco
08,Castilla y León,40,SEGOVIA,BGNC,Biogas natural comprimido
08,Castilla y León,40,SEGOVIA,BGNL,Biogas natural licuado
08,Castilla y León,42,SORIA,G95E5,Gasolina 95 E5
08,Castilla y León,42,SORIA,G95E10,Gasolina 95 E10
08,Castilla y León,42,SORIA,G95E25,Gasolina 95 E25
08,Castilla y León,42,SORIA,G95E85,Gasolina 95 E85
08,Castilla y León,42,SORIA,G95E5+,Gasolina 95 E5 Premium
08,Castilla y León,42,SORIA,G98E5,Gasolina 98 E5
08,Castilla y León,42,SORIA,G98E10,Gasolina 98 E10
08,Castilla y León,42,SORIA,GOA,Gasóleo A habitual
08,Castilla y León,42,SORIA,GOA+,Gasóleo Premium
08,Castilla y León,42,SORIA,GOB,Gasóleo B
08,Castilla y León,42,SORIA,GOC,Gasóleo C
08,Castilla y León,42,SORIA,BIE,Bioetanol
08,Castilla y León,42,SORIA,BIO,Biodiésel
08,Castilla y León,42,SORIA,GLP,Gases licuados del petróleo
08,Castilla y León,42,SORIA,GNC,Gas natural comprimido
08,Castilla y León,42,SORIA,GNL,Gas natural licuado
08,Castilla y León,42,SORIA,H2,Hidrógeno
08,Castilla y León,42,SORIA,ADB,Adblue
08,Castilla y León,42,SORIA,DREN,Diésel renovable
08,Castilla y León,42,SORIA,GREN,Gasolina renovable
08,Castilla y León,42,SORIA,MET,Metanol
08,Castilla y León,42,SORIA,AMO,Amoniaco
08,Castilla y León,42,SORIA,BGNC,Biogas natural comprimido
08,Castilla y León,42,SORIA,BGNL,Biogas natural licuado
08,Castilla y León,47,VALLADOLID,G95E5,Gasolina 95 E5
08,Castilla y León,47,VALLADOLID,G95E10,Gasolina 95 E10
08,Castilla y León,47,VALLADOLID,G95E25,Gasolina 95 E25
08,Castilla y León,47,VALLADOLID,G95E85,Gasolina 95 E85
08,Castilla y León,47,VALLADOLID,G95E5+,Gasolina 95 E5 Premium
08,Castilla y León,47,VALLADOLID,G98E5,Gasolina 98 E5
08,Castilla y León,47,VALLADOLID,G98E10,Gasolina 98 E10
08,Castilla y León,47,VALLADOLID,GOA,Gasóleo A habitual
08,Castilla y León,47,VALLADOLID,GOA+,Gasóleo Premium
08,Castilla y León,47,VALLADOLID,GOB,Gasóleo B
08,Castilla y León,47,VALLADOLID,GOC,Gasóleo C
08,Castilla y León,47,VALLADOLID,BIE,Bioetanol
08,Castilla y León,47,VALLADOLID,BIO,Biodiésel
08,Castilla y León,47,VALLADOLID,GLP,Gases licuados del petróleo
08,Castilla y León,47,VALLADOLID,GNC,Gas natural comprimido
08,Castilla y León,47,VALLADOLID,GNL,Gas natural licuado
08,Castilla y León,47,VALLADOLID,H2,Hidrógeno
08,Castilla y León,47,VALLADOLID,ADB,Adblue
08,Castilla y León,47,VALLADOLID,DREN,Diésel renovable
08,Castilla y León,47,VALLADOLID,GREN,Gasolina renovable
08,Castilla y León,47,VALLADOLID,MET,Metanol
08,Castilla y León,47,VALLADOLID,AMO,Amoniaco
08,Castilla y León,47,VALLADOLID,BGNC,Biogas natural comprimido
08,Castilla y León,47,VALLADOLID,BGNL,Biogas natural licuado
08,Castilla y León,49,ZAMORA,G95E5,Gasolina 95 E5
08,Castilla y León,49,ZAMORA,G95E10,Gasolina 95 E10
08,Castilla y León,49,ZAMORA,G95E25,Gasolina 95 E25
08,Castilla y León,49,ZAMORA,G95E85,Gasolina 95 E85
08,Castilla y León,49,ZAMORA,G95E5+,Gasolina 95 E5 Premium
08,Castilla y León,49,ZAMORA,G98E5,Gasolina 98 E5
08,Castilla y León,49,ZAMORA,G98E10,Gasolina 98 E10
08,Castilla y León,49,ZAMORA,GOA,Gasóleo A habitual
08,Castilla y León,49,ZAMORA,GOA+,Gasóleo Premium
08,Castilla y León,49,ZAMORA,GOB,Gasóleo B
08,Castilla y León,49,ZAMORA,GOC,Gasóleo C
08,Castilla y León,49,ZAMORA,BIE,Bioetanol
08,Castilla y León,49,ZAMORA,BIO,Biodiésel
08,Castilla y León,49,ZAMORA,GLP,Gases licuados del petróleo
08,Castilla y León,49,ZAMORA,GNC,Gas natural comprimido
08,Castilla y León,49,ZAMORA,GNL,Gas natural licuado
08,Castilla y León,49,ZAMORA,H2,Hidrógeno
08,Castilla y León,49,ZAMORA,ADB,Adblue
08,Castilla y León,49,ZAMORA,DREN,Diésel renovable
08,Castilla y León,49,ZAMORA,GREN,Gasolina renovable
08,Castilla y León,49,ZAMORA,MET,Metanol
08,Castilla y León,49,ZAMORA,AMO,Amoniaco
08,Castilla y León,49,ZAMORA,BGNC,Biogas natural comprimido
08,Castilla y León,49,ZAMORA,BGNL,Biogas natural licuado
09,Cataluña,08,BARCELONA,G95E5,Gasolina 95 E5
09,Cataluña,08,BARCELONA,G95E10,Gasolina 95 E10
09,Cataluña,08,BARCELONA,G95E25,Gasolina 95 E25
09,Cataluña,08,BARCELONA,G95E85,Gasolina 95 E85
09,Cataluña,08,BARCELONA,G95E5+,Gasolina 95 E5 Premium
09,Cataluña,08,BARCELONA,G98E5,Gasolina 98 E5
09,Cataluña,08,BARCELONA,G98E10,Gasolina 98 E10
09,Cataluña,08,BARCELONA,GOA,Gasóleo A habitual
09,Cataluña,08,BARCELONA,GOA+,Gasóleo Premium
09,Cataluña,08,BARCELONA,GOB,Gasóleo B
09,Cataluña,08,BARCELONA,GOC,Gasóleo C
09,Cataluña,08,BARCELONA,BIE,Bioetanol
09,Cataluña,08,BARCELONA,BIO,Biodiésel
09,Cataluña,08,BARCELONA,GLP,Gases licuados del petróleo
09,Cataluña,08,BARCELONA,GNC,Gas natural comprimido
09,Cataluña,08,BARCELONA,GNL,Gas natural licuado
09,Cataluña,08,BARCELONA,H2,Hidrógeno
09,Cataluña,08,BARCELONA,ADB,Adblue
09,Cataluña,08,BARCELONA,DREN,Diésel renovable
09,Cataluña,08,BARCELONA,GREN,Gasolina renovable
09,Cataluña,08,BARCELONA,MET,Metanol
09,Cataluña,08,BARCELONA,AMO,Amoniaco
09,Cataluña,08,BARCELONA,BGNC,Biogas natural comprimido
09,Cataluña,08,BARCELONA,BGNL,Biogas natural licuado
09,Cataluña,17,GIRONA,G95E5,Gasolina 95 E5
09,Cataluña,17,GIRONA,G95E10,Gasolina 95 E10
09,Cataluña,17,GIRONA,G95E25,Gasolina 95 E25
09,Cataluña,17,GIRONA,G95E85,Gasolina 95 E85
09,Cataluña,17,GIRONA,G95E5+,Gasolina 95 E5 Premium
09,Cataluña,17,GIRONA,G98E5,Gasolina 98 E5
09,Cataluña,17,GIRONA,G98E10,Gasolina 98 E10
09,Cataluña,17,GIRONA,GOA,Gasóleo A habitual
09,Cataluña,17,GIRONA,GOA+,Gasóleo Premium
09,Cataluña,17,GIRONA,GOB,Gasóleo B
09,Cataluña,17,GIRONA,GOC,Gasóleo C
09,Cataluña,17,GIRONA,BIE,Bioetanol
09,Cataluña,17,GIRONA,BIO,Biodiésel
09,Cataluña,17,GIRONA,GLP,Gases licuados del petróleo
09,Cataluña,17,GIRONA,GNC,Gas natural comprimido
09,Cataluña,17,GIRONA,GNL,Gas natural licuado
09,Cataluña,17,GIRONA,H2,Hidrógeno
09,Cataluña,17,GIRONA,ADB,Adblue
09,Cataluña,17,GIRONA,DREN,Diésel renovable
09,Cataluña,17,GIRONA,GREN,Gasolina renovable
09,Cataluña,17,GIRONA,MET,Metanol
09,Cataluña,17,GIRONA,AMO,Amoniaco
09,Cataluña,17,GIRONA,BGNC,Biogas natural comprimido
09,Cataluña,17,GIRONA,BGNL,Biogas natural licuado
09,Cataluña,25,LLEIDA,G95E5,Gasolina 95 E5
09,Cataluña,25,LLEIDA,G95E10,Gasolina 95 E10
09,Cataluña,25,LLEIDA,G95E25,Gasolina 95 E25
09,Cataluña,25,LLEIDA,G95E85,Gasolina 95 E85
09,Cataluña,25,LLEIDA,G95E5+,Gasolina 95 E5 Premium
09,Cataluña,25,LLEIDA,G98E5,Gasolina 98 E5
09,Cataluña,25,LLEIDA,G98E10,Gasolina 98 E10
09,Cataluña,25,LLEIDA,GOA,Gasóleo A habitual
09,Cataluña,25,LLEIDA,GOA+,Gasóleo Premium
09,Cataluña,25,LLEIDA,GOB,Gasóleo B
09,Cataluña,25,LLEIDA,GOC,Gasóleo C
09,Cataluña,25,LLEIDA,BIE,Bioetanol
09,Cataluña,25,LLEIDA,BIO,Biodiésel
09,Cataluña,25,LLEIDA,GLP,Gases licuados del petróleo
09,Cataluña,25,LLEIDA,GNC,Gas natural comprimido
09,Cataluña,25,LLEIDA,GNL,Gas natural licuado
09,Cataluña,25,LLEIDA,H2,Hidrógeno
09,Cataluña,25,LLEIDA,ADB,Adblue
09,Cataluña,25,LLEIDA,DREN,Diésel renovable
09,Cataluña,25,LLEIDA,GREN,Gasolina renovable
09,Cataluña,25,LLEIDA,MET,Metanol
09,Cataluña,25,LLEIDA,AMO,Amoniaco
09,Cataluña,25,LLEIDA,BGNC,Biogas natural comprimido
09,Cataluña,25,LLEIDA,BGNL,Biogas natural licuado
09,Cataluña,43,TARRAGONA,G95E5,Gasolina 95 E5
09,Cataluña,43,TARRAGONA,G95E10,Gasolina 95 E10
09,Cataluña,43,TARRAGONA,G95E25,Gasolina 95 E25
09,Cataluña,43,TARRAGONA,G95E85,Gasolina 95 E85
09,Cataluña,43,TARRAGONA,G95E5+,Gasolina 95 E5 Premium
09,Cataluña,43,TARRAGONA,G98E5,Gasolina 98 E5
09,Cataluña,43,TARRAGONA,G98E10,Gasolina 98 E10
09,Cataluña,43,TARRAGONA,GOA,Gasóleo A habitual
09,Cataluña,43,TARRAGONA,GOA+,Gasóleo Premium
09,Cataluña,43,TARRAGONA,GOB,Gasóleo B
09,Cataluña,43,TARRAGONA,GOC,Gasóleo C
09,Cataluña,43,TARRAGONA,BIE,Bioetanol
09,Cataluña,43,TARRAGONA,BIO,Biodiésel
09,Cataluña,43,TARRAGONA,GLP,Gases licuados del petróleo
09,Cataluña,43,TARRAGONA,GNC,Gas natural comprimido
09,Cataluña,43,TARRAGONA,GNL,Gas natural licuado
09,Cataluña,43,TARRAGONA,H2,Hidrógeno
09,Cataluña,43,TARRAGONA,ADB,Adblue
09,Cataluña,43,TARRAGONA,DREN,Diésel renovable
09,Cataluña,43,TARRAGONA,GREN,Gasolina renovable
09,Cataluña,43,TARRAGONA,MET,Metanol
09,Cataluña,43,TARRAGONA,AMO,Amoniaco
09,Cataluña,43,TARRAGONA,BGNC,Biogas natural comprimido
09,Cataluña,43,TARRAGONA,BGNL,Biogas natural licuado
10,Comunidad Valenciana,03,ALICANTE,G95E5,Gasolina 95 E5
10,Comunidad Valenciana,03,ALICANTE,G95E10,Gasolina 95 E10
10,Comunidad Valenciana,03,ALICANTE,G95E25,Gasolina 95 E25
10,Comunidad Valenciana,03,ALICANTE,G95E85,Gasolina 95 E85
10,Comunidad Valenciana,03,ALICANTE,G95E5+,Gasolina 95 E5 Premium
10,Comunidad Valenciana,03,ALICANTE,G98E5,Gasolina 98 E5
10,Comunidad Valenciana,03,ALICANTE,G98E10,Gasolina 98 E10
10,Comunidad Valenciana,03,ALICANTE,GOA,Gasóleo A habitual
10,Comunidad Valenciana,03,ALICANTE,GOA+,Gasóleo Premium
10,Comunidad Valenciana,03,ALICANTE,GOB,Gasóleo B
10,Comunidad Valenciana,03,ALICANTE,GOC,Gasóleo C
10,Comunidad Valenciana,03,ALICANTE,BIE,Bioetanol
10,Comunidad Valenciana,03,ALICANTE,BIO,Biodiésel
10,Comunidad Valenciana,03,ALICANTE,GLP,Gases licuados del petróleo
10,Comunidad Valenciana,03,ALICANTE,GNC,Gas natural comprimido
10,Comunidad Valenciana,03,ALICANTE,GNL,Gas natural licuado
10,Comunidad Valenciana,03,ALICANTE,H2,Hidrógeno
10,Comunidad Valenciana,03,ALICANTE,ADB,Adblue
10,Comunidad Valenciana,03,ALICANTE,DREN,Diésel renovable
10,Comunidad Valenciana,03,ALICANTE,GREN,Gasolina renovable
10,Comunidad Valenciana,03,ALICANTE,MET,Metanol
10,Comunidad Valenciana,03,ALICANTE,AMO,Amoniaco
10,Comunidad Valenciana,03,ALICANTE,BGNC,Biogas natural comprimido
10,Comunidad Valenciana,03,ALICANTE,BGNL,Biogas natural licuado
10,Comunidad Valenciana,12,CASTELLÓN / CASTELLÓ,G95E5,Gasolina 95 E5
10,Comunidad Valenciana,12,CASTELLÓN / CASTELLÓ,G95E10,Gasolina 95 E10
10,Comunidad Valenciana,12,CASTELLÓN / CASTELLÓ,G95E25,Gasolina 95 E25
10,Comunidad Valenciana,12,CASTELLÓN / CASTELLÓ,G95E85,Gasolina 95 E85
10,Comunidad Valenciana,12,CASTELLÓN / CASTELLÓ,G95E5+,Gasolina 95 E5 Premium
10,Comunidad Valenciana,12,CASTELLÓN / CASTELLÓ,G98E5,Gasolina 98 E5
10,Comunidad Valenciana,12,CASTELLÓN / CASTELLÓ,G98E10,Gasolina 98 E10
10,Comunidad Valenciana,12,CASTELLÓN / CASTELLÓ,GOA,Gasóleo A habitual
10,Comunidad Valenciana,12,CASTELLÓN / CASTELLÓ,GOA+,Gasóleo Premium
10,Comunidad Valenciana,12,CASTELLÓN / CASTELLÓ,GOB,Gasóleo B
10,Comunidad Valenciana,12,CASTELLÓN / CASTELLÓ,GOC,Gasóleo C
10,Comunidad Valenciana,12,CASTELLÓN / CASTELLÓ,BIE,Bioetanol
10,Comunidad Valenciana,12,CASTELLÓN / CASTELLÓ,BIO,Biodiésel
10,Comunidad Valenciana,12,CASTELLÓN / CASTELLÓ,GLP,Gases licuados del petróleo
10,Comunidad Valenciana,12,CASTELLÓN / CASTELLÓ,GNC,Gas natural comprimido
10,Comunidad Valenciana,12,CASTELLÓN / CASTELLÓ,GNL,Gas natural licuado
10,Comunidad Valenciana,12,CASTELLÓN / CASTELLÓ,H2,Hidrógeno
10,Comunidad Valenciana,12,CASTELLÓN / CASTELLÓ,ADB,Adblue
10,Comunidad Valenciana,12,CASTELLÓN / CASTELLÓ,DREN,Diésel renovable
10,Comunidad Valenciana,12,CASTELLÓN / CASTELLÓ,GREN,Gasolina renovable
10,Comunidad Valenciana,12,CASTELLÓN / CASTELLÓ,MET,Metanol
10,Comunidad Valenciana,12,CASTELLÓN / CASTELLÓ,AMO,Amoniaco
10,Comunidad Valenciana,12,CASTELLÓN / CASTELLÓ,BGNC,Biogas natural comprimido
10,Comunidad Valenciana,12,CASTELLÓN / CASTELLÓ,BGNL,Biogas natural licuado
10,Comunidad Valenciana,46,VALENCIA / VALÈNCIA,G95E5,Gasolina 95 E5
10,Comunidad Valenciana,46,VALENCIA / VALÈNCIA,G95E10,Gasolina 95 E10
10,Comunidad Valenciana,46,VALENCIA / VALÈNCIA,G95E25,Gasolina 95 E25
10,Comunidad Valenciana,46,VALENCIA / VALÈNCIA,G95E85,Gasolina 95 E85
10,Comunidad Valenciana,46,VALENCIA / VALÈNCIA,G95E5+,Gasolina 95 E5 Premium
10,Comunidad Valenciana,46,VALENCIA / VALÈNCIA,G98E5,Gasolina 98 E5
10,Comunidad Valenciana,46,VALENCIA / VALÈNCIA,G98E10,Gasolina 98 E10
10,Comunidad Valenciana,46,VALENCIA / VALÈNCIA,GOA,Gasóleo A habitual
10,Comunidad Valenciana,46,VALENCIA / VALÈNCIA,GOA+,Gasóleo Premium
10,Comunidad Valenciana,46,VALENCIA / VALÈNCIA,GOB,Gasóleo B
10,Comunidad Valenciana,46,VALENCIA / VALÈNCIA,GOC,Gasóleo C
10,Comunidad Valenciana,46,VALENCIA / VALÈNCIA,BIE,Bioetanol
10,Comunidad Valenciana,46,VALENCIA / VALÈNCIA,BIO,Biodiésel
10,Comunidad Valenciana,46,VALENCIA / VALÈNCIA,GLP,Gases licuados del petróleo
10,Comunidad Valenciana,46,VALENCIA / VALÈNCIA,GNC,Gas natural comprimido
10,Comunidad Valenciana,46,VALENCIA / VALÈNCIA,GNL,Gas natural licuado
10,Comunidad Valenciana,46,VALENCIA / VALÈNCIA,H2,Hidrógeno
10,Comunidad Valenciana,46,VALENCIA / VALÈNCIA,ADB,Adblue
10,Comunidad Valenciana,46,VALENCIA / VALÈNCIA,DREN,Diésel renovable
10,Comunidad Valenciana,46,VALENCIA / VALÈNCIA,GREN,Gasolina renovable
10,Comunidad Valenciana,46,VALENCIA / VALÈNCIA,MET,Metanol
10,Comunidad Valenciana,46,VALENCIA / VALÈNCIA,AMO,Amoniaco
10,Comunidad Valenciana,46,VALENCIA / VALÈNCIA,BGNC,Biogas natural comprimido
10,Comunidad Valenciana,46,VALENCIA / VALÈNCIA,BGNL,Biogas natural licuado
11,Extremadura,06,BADAJOZ,G95E5,Gasolina 95 E5
11,Extremadura,06,BADAJOZ,G95E10,Gasolina 95 E10
11,Extremadura,06,BADAJOZ,G95E25,Gasolina 95 E25
11,Extremadura,06,BADAJOZ,G95E85,Gasolina 95 E85
11,Extremadura,06,BADAJOZ,G95E5+,Gasolina 95 E5 Premium
11,Extremadura,06,BADAJOZ,G98E5,Gasolina 98 E5
11,Extremadura,06,BADAJOZ,G98E10,Gasolina 98 E10
11,Extremadura,06,BADAJOZ,GOA,Gasóleo A habitual
11,Extremadura,06,BADAJOZ,GOA+,Gasóleo Premium
11,Extremadura,06,BADAJOZ,GOB,Gasóleo B
11,Extremadura,06,BADAJOZ,GOC,Gasóleo C
11,Extremadura,06,BADAJOZ,BIE,Bioetanol
11,Extremadura,06,BADAJOZ,BIO,Biodiésel
11,Extremadura,06,BADAJOZ,GLP,Gases licuados del petróleo
11,Extremadura,06,BADAJOZ,GNC,Gas natural comprimido
11,Extremadura,06,BADAJOZ,GNL,Gas natural licuado
11,Extremadura,06,BADAJOZ,H2,Hidrógeno
11,Extremadura,06,BADAJOZ,ADB,Adblue
11,Extremadura,06,BADAJOZ,DREN,Diésel renovable
11,Extremadura,06,BADAJOZ,GREN,Gasolina renovable
11,Extremadura,06,BADAJOZ,MET,Metanol
11,Extremadura,06,BADAJOZ,AMO,Amoniaco
11,Extremadura,06,BADAJOZ,BGNC,Biogas natural comprimido
11,Extremadura,06,BADAJOZ,BGNL,Biogas natural licuado
11,Extremadura,10,CÁCERES,G95E5,Gasolina 95 E5
11,Extremadura,10,CÁCERES,G95E10,Gasolina 95 E10
11,Extremadura,10,CÁCERES,G95E25,Gasolina 95 E25
11,Extremadura,10,CÁCERES,G95E85,Gasolina 95 E85
11,Extremadura,10,CÁCERES,G95E5+,Gasolina 95 E5 Premium
11,Extremadura,10,CÁCERES,G98E5,Gasolina 98 E5
11,Extremadura,10,CÁCERES,G98E10,Gasolina 98 E10
11,Extremadura,10,CÁCERES,GOA,Gasóleo A habitual
11,Extremadura,10,CÁCERES,GOA+,Gasóleo Premium
11,Extremadura,10,CÁCERES,GOB,Gasóleo B
11,Extremadura,10,CÁCERES,GOC,Gasóleo C
11,Extremadura,10,CÁCERES,BIE,Bioetanol
11,Extremadura,10,CÁCERES,BIO,Biodiésel
11,Extremadura,10,CÁCERES,GLP,Gases licuados del petróleo
11,Extremadura,10,CÁCERES,GNC,Gas natural comprimido
11,Extremadura,10,CÁCERES,GNL,Gas natural licuado
11,Extremadura,10,CÁCERES,H2,Hidrógeno
11,Extremadura,10,CÁCERES,ADB,Adblue
11,Extremadura,10,CÁCERES,DREN,Diésel renovable
11,Extremadura,10,CÁCERES,GREN,Gasolina renovable
11,Extremadura,10,CÁCERES,MET,Metanol
11,Extremadura,10,CÁCERES,AMO,Amoniaco
11,Extremadura,10,CÁCERES,BGNC,Biogas natural comprimido
11,Extremadura,10,CÁCERES,BGNL,Biogas natural licuado
12,Galicia,15,CORUÑA (A),G95E5,Gasolina 95 E5
12,Galicia,15,CORUÑA (A),G95E10,Gasolina 95 E10
12,Galicia,15,CORUÑA (A),G95E25,Gasolina 95 E25
12,Galicia,15,CORUÑA (A),G95E85,Gasolina 95 E85
12,Galicia,15,CORUÑA (A),G95E5+,Gasolina 95 E5 Premium
12,Galicia,15,CORUÑA (A),G98E5,Gasolina 98 E5
12,Galicia,15,CORUÑA (A),G98E10,Gasolina 98 E10
12,Galicia,15,CORUÑA (A),GOA,Gasóleo A habitual
12,Galicia,15,CORUÑA (A),GOA+,Gasóleo Premium
12,Galicia,15,CORUÑA (A),GOB,Gasóleo B
12,Galicia,15,CORUÑA (A),GOC,Gasóleo C
12,Galicia,15,CORUÑA (A),BIE,Bioetanol
12,Galicia,15,CORUÑA (A),BIO,Biodiésel
12,Galicia,15,CORUÑA (A),GLP,Gases licuados del petróleo
12,Galicia,15,CORUÑA (A),GNC,Gas natural comprimido
12,Galicia,15,CORUÑA (A),GNL,Gas natural licuado
12,Galicia,15,CORUÑA (A),H2,Hidrógeno
12,Galicia,15,CORUÑA (A),ADB,Adblue
12,Galicia,15,CORUÑA (A),DREN,Diésel renovable
12,Galicia,15,CORUÑA (A),GREN,Gasolina renovable
12,Galicia,15,CORUÑA (A),MET,Metanol
12,Galicia,15,CORUÑA (A),AMO,Amoniaco
12,Galicia,15,CORUÑA (A),BGNC,Biogas natural comprimido
12,Galicia,15,CORUÑA (A),BGNL,Biogas natural licuado
12,Galicia,27,LUGO,G95E5,Gasolina 95 E5
12,Galicia,27,LUGO,G95E10,Gasolina 95 E10
12,Galicia,27,LUGO,G95E25,Gasolina 95 E25
12,Galicia,27,LUGO,G95E85,Gasolina 95 E85
12,Galicia,27,LUGO,G95E5+,Gasolina 95 E5 Premium
12,Galicia,27,LUGO,G98E5,Gasolina 98 E5
12,Galicia,27,LUGO,G98E10,Gasolina 98 E10
12,Galicia,27,LUGO,GOA,Gasóleo A habitual
12,Galicia,27,LUGO,GOA+,Gasóleo Premium
12,Galicia,27,LUGO,GOB,Gasóleo B
12,Galicia,27,LUGO,GOC,Gasóleo C
12,Galicia,27,LUGO,BIE,Bioetanol
12,Galicia,27,LUGO,BIO,Biodiésel
12,Galicia,27,LUGO,GLP,Gases licuados del petróleo
12,Galicia,27,LUGO,GNC,Gas natural comprimido
12,Galicia,27,LUGO,GNL,Gas natural licuado
12,Galicia,27,LUGO,H2,Hidrógeno
12,Galicia,27,LUGO,ADB,Adblue
12,Galicia,27,LUGO,DREN,Diésel renovable
12,Galicia,27,LUGO,GREN,Gasolina renovable
12,Galicia,27,LUGO,MET,Metanol
12,Galicia,27,LUGO,AMO,Amoniaco
12,Galicia,27,LUGO,BGNC,Biogas natural comprimido
12,Galicia,27,LUGO,BGNL,Biogas natural licuado
12,Galicia,32,OURENSE,G95E5,Gasolina 95 E5
12,Galicia,32,OURENSE,G95E10,Gasolina 95 E10
12,Galicia,32,OURENSE,G95E25,Gasolina 95 E25
12,Galicia,32,OURENSE,G95E85,Gasolina 95 E85
12,Galicia,32,OURENSE,G95E5+,Gasolina 95 E5 Premium
12,Galicia,32,OURENSE,G98E5,Gasolina 98 E5
12,Galicia,32,OURENSE,G98E10,Gasolina 98 E10
12,Galicia,32,OURENSE,GOA,Gasóleo A habitual
12,Galicia,32,OURENSE,GOA+,Gasóleo Premium
12,Galicia,32,OURENSE,GOB,Gasóleo B
12,Galicia,32,OURENSE,GOC,Gasóleo C
12,Galicia,32,OURENSE,BIE,Bioetanol
12,Galicia,32,OURENSE,BIO,Biodiésel
12,Galicia,32,OURENSE,GLP,Gases licuados del petróleo
12,Galicia,32,OURENSE,GNC,Gas natural comprimido
12,Galicia,32,OURENSE,GNL,Gas natural licuado
12,Galicia,32,OURENSE,H2,Hidrógeno
12,Galicia,32,OURENSE,ADB,Adblue
12,Galicia,32,OURENSE,DREN,Diésel renovable
12,Galicia,32,OURENSE,GREN,Gasolina renovable
12,Galicia,32,OURENSE,MET,Metanol
12,Galicia,32,OURENSE,AMO,Amoniaco
12,Galicia,32,OURENSE,BGNC,Biogas natural comprimido
12,Galicia,32,OURENSE,BGNL,Biogas natural licuado
12,Galicia,36,PONTEVEDRA,G95E5,Gasolina 95 E5
12,Galicia,36,PONTEVEDRA,G95E10,Gasolina 95 E10
12,Galicia,36,PONTEVEDRA,G95E25,Gasolina 95 E25
12,Galicia,36,PONTEVEDRA,G95E85,Gasolina 95 E85
12,Galicia,36,PONTEVEDRA,G95E5+,Gasolina 95 E5 Premium
12,Galicia,36,PONTEVEDRA,G98E5,Gasolina 98 E5
12,Galicia,36,PONTEVEDRA,G98E10,Gasolina 98 E10
12,Galicia,36,PONTEVEDRA,GOA,Gasóleo A habitual
12,Galicia,36,PONTEVEDRA,GOA+,Gasóleo Premium
12,Galicia,36,PONTEVEDRA,GOB,Gasóleo B
12,Galicia,36,PONTEVEDRA,GOC,Gasóleo C
12,Galicia,36,PONTEVEDRA,BIE,Bioetanol
12,Galicia,36,PONTEVEDRA,BIO,Biodiésel
12,Galicia,36,PONTEVEDRA,GLP,Gases licuados del petróleo
12,Galicia,36,PONTEVEDRA,GNC,Gas natural comprimido
12,Galicia,36,PONTEVEDRA,GNL,Gas natural licuado
12,Galicia,36,PONTEVEDRA,H2,Hidrógeno
12,Galicia,36,PONTEVEDRA,ADB,Adblue
12,Galicia,36,PONTEVEDRA,DREN,Diésel renovable
12,Galicia,36,PONTEVEDRA,GREN,Gasolina renovable
12,Galicia,36,PONTEVEDRA,MET,Metanol
12,Galicia,36,PONTEVEDRA,AMO,Amoniaco
12,Galicia,36,PONTEVEDRA,BGNC,Biogas natural comprimido
12,Galicia,36,PONTEVEDRA,BGNL,Biogas natural licuado
13,Madrid,28,MADRID,G95E5,Gasolina 95 E5
13,Madrid,28,MADRID,G95E10,Gasolina 95 E10
13,Madrid,28,MADRID,G95E25,Gasolina 95 E25
13,Madrid,28,MADRID,G95E85,Gasolina 95 E85
13,Madrid,28,MADRID,G95E5+,Gasolina 95 E5 Premium
13,Madrid,28,MADRID,G98E5,Gasolina 98 E5
13,Madrid,28,MADRID,G98E10,Gasolina 98 E10
13,Madrid,28,MADRID,GOA,Gasóleo A habitual
13,Madrid,28,MADRID,GOA+,Gasóleo Premium
13,Madrid,28,MADRID,GOB,Gasóleo B
13,Madrid,28,MADRID,GOC,Gasóleo C
13,Madrid,28,MADRID,BIE,Bioetanol
13,Madrid,28,MADRID,BIO,Biodiésel
13,Madrid,28,MADRID,GLP,Gases licuados del petróleo
13,Madrid,28,MADRID,GNC,Gas natural comprimido
13,Madrid,28,MADRID,GNL,Gas natural licuado
13,Madrid,28,MADRID,H2,Hidrógeno
13,Madrid,28,MADRID,ADB,Adblue
13,Madrid,28,MADRID,DREN,Diésel renovable
13,Madrid,28,MADRID,GREN,Gasolina renovable
13,Madrid,28,MADRID,MET,Metanol
13,Madrid,28,MADRID,AMO,Amoniaco
13,Madrid,28,MADRID,BGNC,Biogas natural comprimido
13,Madrid,28,MADRID,BGNL,Biogas natural licuado
14,Murcia,30,MURCIA,G95E5,Gasolina 95 E5
14,Murcia,30,MURCIA,G95E10,Gasolina 95 E10
14,Murcia,30,MURCIA,G95E25,Gasolina 95 E25
14,Murcia,30,MURCIA,G95E85,Gasolina 95 E85
14,Murcia,30,MURCIA,G95E5+,Gasolina 95 E5 Premium
14,Murcia,30,MURCIA,G98E5,Gasolina 98 E5
14,Murcia,30,MURCIA,G98E10,Gasolina 98 E10
14,Murcia,30,MURCIA,GOA,Gasóleo A habitual
14,Murcia,30,MURCIA,GOA+,Gasóleo Premium
14,Murcia,30,MURCIA,GOB,Gasóleo B
14,Murcia,30,MURCIA,GOC,Gasóleo C
14,Murcia,30,MURCIA,BIE,Bioetanol
14,Murcia,30,MURCIA,BIO,Biodiésel
14,Murcia,30,MURCIA,GLP,Gases licuados del petróleo
14,Murcia,30,MURCIA,GNC,Gas natural comprimido
14,Murcia,30,MURCIA,GNL,Gas natural licuado
14,Murcia,30,MURCIA,H2,Hidrógeno
14,Murcia,30,MURCIA,ADB,Adblue
14,Murcia,30,MURCIA,DREN,Diésel renovable
14,Murcia,30,MURCIA,GREN,Gasolina renovable
14,Murcia,30,MURCIA,MET,Metanol
14,Murcia,30,MURCIA,AMO,Amoniaco
14,Murcia,30,MURCIA,BGNC,Biogas natural comprimido
14,Murcia,30,MURCIA,BGNL,Biogas natural licuado
15,Navarra,31,NAVARRA,G95E5,Gasolina 95 E5
15,Navarra,31,NAVARRA,G95E10,Gasolina 95 E10
15,Navarra,31,NAVARRA,G95E25,Gasolina 95 E25
15,Navarra,31,NAVARRA,G95E85,Gasolina 95 E85
15,Navarra,31,NAVARRA,G95E5+,Gasolina 95 E5 Premium
15,Navarra,31,NAVARRA,G98E5,Gasolina 98 E5
15,Navarra,31,NAVARRA,G98E10,Gasolina 98 E10
15,Navarra,31,NAVARRA,GOA,Gasóleo A habitual
15,Navarra,31,NAVARRA,GOA+,Gasóleo Premium
15,Navarra,31,NAVARRA,GOB,Gasóleo B
15,Navarra,31,NAVARRA,GOC,Gasóleo C
15,Navarra,31,NAVARRA,BIE,Bioetanol
15,Navarra,31,NAVARRA,BIO,Biodiésel
15,Navarra,31,NAVARRA,GLP,Gases licuados del petróleo
15,Navarra,31,NAVARRA,GNC,Gas natural comprimido
15,Navarra,31,NAVARRA,GNL,Gas natural licuado
15,Navarra,31,NAVARRA,H2,Hidrógeno
15,Navarra,31,NAVARRA,ADB,Adblue
15,Navarra,31,NAVARRA,DREN,Diésel renovable
15,Navarra,31,NAVARRA,GREN,Gasolina renovable
15,Navarra,31,NAVARRA,MET,Metanol
15,Navarra,31,NAVARRA,AMO,Amoniaco
15,Navarra,31,NAVARRA,BGNC,Biogas natural comprimido
15,Navarra,31,NAVARRA,BGNL,Biogas natural licuado
16,País Vasco,01,ARABA/ÁLAVA,G95E5,Gasolina 95 E5
16,País Vasco,01,ARABA/ÁLAVA,G95E10,Gasolina 95 E10
16,País Vasco,01,ARABA/ÁLAVA,G95E25,Gasolina 95 E25
16,País Vasco,01,ARABA/ÁLAVA,G95E85,Gasolina 95 E85
16,País Vasco,01,ARABA/ÁLAVA,G95E5+,Gasolina 95 E5 Premium
16,País Vasco,01,ARABA/ÁLAVA,G98E5,Gasolina 98 E5
16,País Vasco,01,ARABA/ÁLAVA,G98E10,Gasolina 98 E10
16,País Vasco,01,ARABA/ÁLAVA,GOA,Gasóleo A habitual
16,País Vasco,01,ARABA/ÁLAVA,GOA+,Gasóleo Premium
16,País Vasco,01,ARABA/ÁLAVA,GOB,Gasóleo B
16,País Vasco,01,ARABA/ÁLAVA,GOC,Gasóleo C
16,País Vasco,01,ARABA/ÁLAVA,BIE,Bioetanol
16,País Vasco,01,ARABA/ÁLAVA,BIO,Biodiésel
16,País Vasco,01,ARABA/ÁLAVA,GLP,Gases licuados del petróleo
16,País Vasco,01,ARABA/ÁLAVA,GNC,Gas natural comprimido
16,País Vasco,01,ARABA/ÁLAVA,GNL,Gas natural licuado
16,País Vasco,01,ARABA/ÁLAVA,H2,Hidrógeno
16,País Vasco,01,ARABA/ÁLAVA,ADB,Adblue
16,País Vasco,01,ARABA/ÁLAVA,DREN,Diésel renovable
16,País Vasco,01,ARABA/ÁLAVA,GREN,Gasolina renovable
16,País Vasco,01,ARABA/ÁLAVA,MET,Metanol
16,País Vasco,01,ARABA/ÁLAVA,AMO,Amoniaco
16,País Vasco,01,ARABA/ÁLAVA,BGNC,Biogas natural comprimido
16,País Vasco,01,ARABA/ÁLAVA,BGNL,Biogas natural licuado
16,País Vasco,20,GIPUZKOA,G95E5,Gasolina 95 E5
16,País Vasco,20,GIPUZKOA,G95E10,Gasolina 95 E10
16,País Vasco,20,GIPUZKOA,G95E25,Gasolina 95 E25
16,País Vasco,20,GIPUZKOA,G95E85,Gasolina 95 E85
16,País Vasco,20,GIPUZKOA,G95E5+,Gasolina 95 E5 Premium
16,País Vasco,20,GIPUZKOA,G98E5,Gasolina 98 E5
16,País Vasco,20,GIPUZKOA,G98E10,Gasolina 98 E10
16,País Vasco,20,GIPUZKOA,GOA,Gasóleo A habitual
16,País Vasco,20,GIPUZKOA,GOA+,Gasóleo Premium
16,País Vasco,20,GIPUZKOA,GOB,Gasóleo B
16,País Vasco,20,GIPUZKOA,GOC,Gasóleo C
16,País Vasco,20,GIPUZKOA,BIE,Bioetanol
16,País Vasco,20,GIPUZKOA,BIO,Biodiésel
16,País Vasco,20,GIPUZKOA,GLP,Gases licuados del petróleo
16,País Vasco,20,GIPUZKOA,GNC,Gas natural comprimido
16,País Vasco,20,GIPUZKOA,GNL,Gas natural licuado
16,País Vasco,20,GIPUZKOA,H2,Hidrógeno
16,País Vasco,20,GIPUZKOA,ADB,Adblue
16,País Vasco,20,GIPUZKOA,DREN,Diésel renovable
16,País Vasco,20,GIPUZKOA,GREN,Gasolina renovable
16,País Vasco,20,GIPUZKOA,MET,Metanol
16,País Vasco,20,GIPUZKOA,AMO,Amoniaco
16,País Vasco,20,GIPUZKOA,BGNC,Biogas natural comprimido
16,País Vasco,20,GIPUZKOA,BGNL,Biogas natural licuado
16,País Vasco,48,BIZKAIA,G95E5,Gasolina 95 E5
16,País Vasco,48,BIZKAIA,G95E10,Gasolina 95 E10
16,País Vasco,48,BIZKAIA,G95E25,Gasolina 95 E25
16,País Vasco,48,BIZKAIA,G95E85,Gasolina 95 E85
16,País Vasco,48,BIZKAIA,G95E5+,Gasolina 95 E5 Premium
16,País Vasco,48,BIZKAIA,G98E5,Gasolina 98 E5
16,País Vasco,48,BIZKAIA,G98E10,Gasolina 98 E10
16,País Vasco,48,BIZKAIA,GOA,Gasóleo A habitual
16,País Vasco,48,BIZKAIA,GOA+,Gasóleo Premium
16,País Vasco,48,BIZKAIA,GOB,Gasóleo B
16,País Vasco,48,BIZKAIA,GOC,Gasóleo C
16,País Vasco,48,BIZKAIA,BIE,Bioetanol
16,País Vasco,48,BIZKAIA,BIO,Biodiésel
16,País Vasco,48,BIZKAIA,GLP,Gases licuados del petróleo
16,País Vasco,48,BIZKAIA,GNC,Gas natural comprimido
16,País Vasco,48,BIZKAIA,GNL,Gas natural licuado
16,País Vasco,48,BIZKAIA,H2,Hidrógeno
16,País Vasco,48,BIZKAIA,ADB,Adblue
16,País Vasco,48,BIZKAIA,DREN,Diésel renovable
16,País Vasco,48,BIZKAIA,GREN,Gasolina renovable
16,País Vasco,48,BIZKAIA,MET,Metanol
16,País Vasco,48,BIZKAIA,AMO,Amoniaco
16,País Vasco,48,BIZKAIA,BGNC,Biogas natural comprimido
16,País Vasco,48,BIZKAIA,BGNL,Biogas natural licuado
17,Rioja (La),26,RIOJA (LA),G95E5,Gasolina 95 E5
17,Rioja (La),26,RIOJA (LA),G95E10,Gasolina 95 E10
17,Rioja (La),26,RIOJA (LA),G95E25,Gasolina 95 E25
17,Rioja (La),26,RIOJA (LA),G95E85,Gasolina 95 E85
17,Rioja (La),26,RIOJA (LA),G95E5+,Gasolina 95 E5 Premium
17,Rioja (La),26,RIOJA (LA),G98E5,Gasolina 98 E5
17,Rioja (La),26,RIOJA (LA),G98E10,Gasolina 98 E10
17,Rioja (La),26,RIOJA (LA),GOA,Gasóleo A habitual
17,Rioja (La),26,RIOJA (LA),GOA+,Gasóleo Premium
17,Rioja (La),26,RIOJA (LA),GOB,Gasóleo B
17,Rioja (La),26,RIOJA (LA),GOC,Gasóleo C
17,Rioja (La),26,RIOJA (LA),BIE,Bioetanol
17,Rioja (La),26,RIOJA (LA),BIO,Biodiésel
17,Rioja (La),26,RIOJA (LA),GLP,Gases licuados del petróleo
17,Rioja (La),26,RIOJA (LA),GNC,Gas natural comprimido
17,Rioja (La),26,RIOJA (LA),GNL,Gas natural licuado
17,Rioja (La),26,RIOJA (LA),H2,Hidrógeno
17,Rioja (La),26,RIOJA (LA),ADB,Adblue
17,Rioja (La),26,RIOJA (LA),DREN,Diésel renovable
17,Rioja (La),26,RIOJA (LA),GREN,Gasolina renovable
17,Rioja (La),26,RIOJA (LA),MET,Metanol
17,Rioja (La),26,RIOJA (LA),AMO,Amoniaco
17,Rioja (La),26,RIOJA (LA),BGNC,Biogas natural comprimido
17,Rioja (La),26,RIOJA (LA),BGNL,Biogas natural licuado
18,Ceuta,51,CEUTA,G95E5,Gasolina 95 E5
18,Ceuta,51,CEUTA,G95E10,Gasolina 95 E10
18,Ceuta,51,CEUTA,G95E25,Gasolina 95 E25
18,Ceuta,51,CEUTA,G95E85,Gasolina 95 E85
18,Ceuta,51,CEUTA,G95E5+,Gasolina 95 E5 Premium
18,Ceuta,51,CEUTA,G98E5,Gasolina 98 E5
18,Ceuta,51,CEUTA,G98E10,Gasolina 98 E10
18,Ceuta,51,CEUTA,GOA,Gasóleo A habitual
18,Ceuta,51,CEUTA,GOA+,Gasóleo Premium
18,Ceuta,51,CEUTA,GOB,Gasóleo B
18,Ceuta,51,CEUTA,GOC,Gasóleo C
18,Ceuta,51,CEUTA,BIE,Bioetanol
18,Ceuta,51,CEUTA,BIO,Biodiésel
18,Ceuta,51,CEUTA,GLP,Gases licuados del petróleo
18,Ceuta,51,CEUTA,GNC,Gas natural comprimido
18,Ceuta,51,CEUTA,GNL,Gas natural licuado
18,Ceuta,51,CEUTA,H2,Hidrógeno
18,Ceuta,51,CEUTA,ADB,Adblue
18,Ceuta,51,CEUTA,DREN,Diésel renovable
18,Ceuta,51,CEUTA,GREN,Gasolina renovable
18,Ceuta,51,CEUTA,MET,Metanol
18,Ceuta,51,CEUTA,AMO,Amoniaco
18,Ceuta,51,CEUTA,BGNC,Biogas natural comprimido
18,Ceuta,51,CEUTA,BGNL,Biogas natural licuado
19,Melilla,52,MELILLA,G95E5,Gasolina 95 E5
19,Melilla,52,MELILLA,G95E10,Gasolina 95 E10
19,Melilla,52,MELILLA,G95E25,Gasolina 95 E25
19,Melilla,52,MELILLA,G95E85,Gasolina 95 E85
19,Melilla,52,MELILLA,G95E5+,Gasolina 95 E5 Premium
19,Melilla,52,MELILLA,G98E5,Gasolina 98 E5
19,Melilla,52,MELILLA,G98E10,Gasolina 98 E10
19,Melilla,52,MELILLA,GOA,Gasóleo A habitual
19,Melilla,52,MELILLA,GOA+,Gasóleo Premium
19,Melilla,52,MELILLA,GOB,Gasóleo B
19,Melilla,52,MELILLA,GOC,Gasóleo C
19,Melilla,52,MELILLA,BIE,Bioetanol
19,Melilla,52,MELILLA,BIO,Biodiésel
19,Melilla,52,MELILLA,GLP,Gases licuados del petróleo
19,Melilla,52,MELILLA,GNC,Gas natural comprimido
19,Melilla,52,MELILLA,GNL,Gas natural licuado
19,Melilla,52,MELILLA,H2,Hidrógeno
19,Melilla,52,MELILLA,ADB,Adblue
19,Melilla,52,MELILLA,DREN,Diésel renovable
19,Melilla,52,MELILLA,GREN,Gasolina renovable
19,Melilla,52,MELILLA,MET,Metanol
19,Melilla,52,MELILLA,AMO,Amoniaco
19,Melilla,52,MELILLA,BGNC,Biogas natural comprimido
19,Melilla,52,MELILLA,BGNL,Biogas natural licuado
